asset_id	references	files
042835	1	49995_StarterPlayer_StarterPlayerScripts_Controllers_HudController.luau
063545	1	49995_StarterPlayer_StarterPlayerScripts_Controllers_HudController.luau
081020	2	50077_ReplicatedStorage_Shared_UIKit.luau
100000	1	50093_ReplicatedStorage_CaptureEggConfig.luau
104729	1	50008_StarterPlayer_StarterPlayerScripts_AnimalClient.luau
250000	1	49998_StarterPlayer_StarterPlayerScripts_Controllers_AdminController.luau
262144	1	50081_ReplicatedStorage_EggConfig.luau
1000003	1	50015_StarterPlayer_StarterPlayerScripts_SellShopClient.luau
1048576	1	50081_ReplicatedStorage_EggConfig.luau
4194304	1	50081_ReplicatedStorage_EggConfig.luau
180426354	1	50126_ServerScriptService_AdminTreadmillService.luau
462497082	1	50076_ReplicatedStorage_Shared_Config.luau
522635514	1	50112_ServerScriptService_EggBossService.luau
913376220	2	50113_ServerScriptService_PlotService.luau;50126_ServerScriptService_AdminTreadmillService.luau
1975616728	1	50090_ReplicatedStorage_MonetizationConfig.luau
1976756717	1	50090_ReplicatedStorage_MonetizationConfig.luau
1976924746	1	50090_ReplicatedStorage_MonetizationConfig.luau
1977152732	1	50090_ReplicatedStorage_MonetizationConfig.luau
1979144517	1	50090_ReplicatedStorage_MonetizationConfig.luau
1979228461	1	50090_ReplicatedStorage_MonetizationConfig.luau
1979474506	1	50090_ReplicatedStorage_MonetizationConfig.luau
1979522478	1	50090_ReplicatedStorage_MonetizationConfig.luau
1979546466	1	50090_ReplicatedStorage_MonetizationConfig.luau
1979912255	1	50090_ReplicatedStorage_MonetizationConfig.luau
3712291359	1	50090_ReplicatedStorage_MonetizationConfig.luau
3712291373	1	50090_ReplicatedStorage_MonetizationConfig.luau
3712291395	1	50090_ReplicatedStorage_MonetizationConfig.luau
3712291406	1	50090_ReplicatedStorage_MonetizationConfig.luau
3712291418	1	50090_ReplicatedStorage_MonetizationConfig.luau
3712291434	1	50090_ReplicatedStorage_MonetizationConfig.luau
3712291449	1	50090_ReplicatedStorage_MonetizationConfig.luau
3712291460	1	50090_ReplicatedStorage_MonetizationConfig.luau
3712291474	1	50090_ReplicatedStorage_MonetizationConfig.luau
3712291483	1	50090_ReplicatedStorage_MonetizationConfig.luau
3712291494	1	50090_ReplicatedStorage_MonetizationConfig.luau
3712291536	1	50090_ReplicatedStorage_MonetizationConfig.luau
3712291545	1	50090_ReplicatedStorage_MonetizationConfig.luau
3712291556	1	50090_ReplicatedStorage_MonetizationConfig.luau
3712291567	1	50090_ReplicatedStorage_MonetizationConfig.luau
3712291584	1	50090_ReplicatedStorage_MonetizationConfig.luau
3712291596	1	50090_ReplicatedStorage_MonetizationConfig.luau
3712291609	1	50090_ReplicatedStorage_MonetizationConfig.luau
3712291628	1	50090_ReplicatedStorage_MonetizationConfig.luau
3712291634	1	50090_ReplicatedStorage_MonetizationConfig.luau
3712291669	1	50090_ReplicatedStorage_MonetizationConfig.luau
3712291711	1	50090_ReplicatedStorage_MonetizationConfig.luau
3712291719	1	50090_ReplicatedStorage_MonetizationConfig.luau
3712291741	1	50090_ReplicatedStorage_MonetizationConfig.luau
3712291755	1	50090_ReplicatedStorage_MonetizationConfig.luau
3712291766	1	50090_ReplicatedStorage_MonetizationConfig.luau
3712291781	1	50090_ReplicatedStorage_MonetizationConfig.luau
3712291797	1	50090_ReplicatedStorage_MonetizationConfig.luau
3712291810	1	50090_ReplicatedStorage_MonetizationConfig.luau
3712291825	1	50090_ReplicatedStorage_MonetizationConfig.luau
3712291839	1	50090_ReplicatedStorage_MonetizationConfig.luau
3712291856	1	50090_ReplicatedStorage_MonetizationConfig.luau
3712291875	1	50090_ReplicatedStorage_MonetizationConfig.luau
3712291895	1	50090_ReplicatedStorage_MonetizationConfig.luau
3712291913	1	50090_ReplicatedStorage_MonetizationConfig.luau
3712291929	1	50090_ReplicatedStorage_MonetizationConfig.luau
3712291951	1	50090_ReplicatedStorage_MonetizationConfig.luau
3712291967	1	50090_ReplicatedStorage_MonetizationConfig.luau
3712291983	1	50090_ReplicatedStorage_MonetizationConfig.luau
3712292001	1	50090_ReplicatedStorage_MonetizationConfig.luau
3712292009	1	50090_ReplicatedStorage_MonetizationConfig.luau
3712292035	1	50090_ReplicatedStorage_MonetizationConfig.luau
3715151216	1	50090_ReplicatedStorage_MonetizationConfig.luau
3715529474	1	50090_ReplicatedStorage_MonetizationConfig.luau
3715529481	1	50090_ReplicatedStorage_MonetizationConfig.luau
4954213545	1	50076_ReplicatedStorage_Shared_Config.luau
70957092077967	1	50004_StarterPlayer_StarterPlayerScripts_EggChrome.luau
71395997585045	2	50027_StarterPlayer_StarterPlayerScripts_RebirthClient.luau;50087_ReplicatedStorage_SellConfig.luau
73389258328275	1	50009_StarterPlayer_StarterPlayerScripts_ShopClient.luau
74489658413376	1	49995_StarterPlayer_StarterPlayerScripts_Controllers_HudController.luau
74708834785435	1	50092_ReplicatedStorage_BatConfig.luau
75235337881072	5	49995_StarterPlayer_StarterPlayerScripts_Controllers_HudController.luau;49996_StarterPlayer_StarterPlayerScripts_Controllers_PanelsController.luau;50004_StarterPlayer_StarterPlayerScripts_EggChrome.luau;50009_StarterPlayer_StarterPlayerScripts_ShopClient.luau;50018_StarterPlayer_StarterPlayerScripts_BossHitOfferClient.luau
75246579797894	1	50092_ReplicatedStorage_BatConfig.luau
77313313562002	1	50085_ReplicatedStorage_TrailConfig.luau
77975477107065	3	50004_StarterPlayer_StarterPlayerScripts_EggChrome.luau;50009_StarterPlayer_StarterPlayerScripts_ShopClient.luau;50010_StarterPlayer_StarterPlayerScripts_IndexClient.luau
78140675026956	1	50092_ReplicatedStorage_BatConfig.luau
78249705152730	1	49995_StarterPlayer_StarterPlayerScripts_Controllers_HudController.luau
78386202196551	1	50092_ReplicatedStorage_BatConfig.luau
78627901538510	1	50092_ReplicatedStorage_BatConfig.luau
80150641333749	1	49995_StarterPlayer_StarterPlayerScripts_Controllers_HudController.luau
81159744142004	1	50092_ReplicatedStorage_BatConfig.luau
82104410330913	1	50009_StarterPlayer_StarterPlayerScripts_ShopClient.luau
82557247095751	1	50092_ReplicatedStorage_BatConfig.luau
83205092246605	1	49996_StarterPlayer_StarterPlayerScripts_Controllers_PanelsController.luau
83291582290127	1	50017_StarterPlayer_StarterPlayerScripts_FuseMachineClient.luau
83304389878447	1	50087_ReplicatedStorage_SellConfig.luau
83769600890897	2	49995_StarterPlayer_StarterPlayerScripts_Controllers_HudController.luau;50086_ReplicatedStorage_UpgradeConfig.luau
86912083530579	1	49995_StarterPlayer_StarterPlayerScripts_Controllers_HudController.luau
87213052631010	1	50092_ReplicatedStorage_BatConfig.luau
87422007868226	1	50086_ReplicatedStorage_UpgradeConfig.luau
87856699750624	1	50092_ReplicatedStorage_BatConfig.luau
88282714087162	2	50014_StarterPlayer_StarterPlayerScripts_SignUpgradeClient.luau;50112_ServerScriptService_EggBossService.luau
89522432338265	1	50003_StarterPlayer_StarterPlayerScripts_EggClient.luau
90458453852326	1	50092_ReplicatedStorage_BatConfig.luau
90667002214761	1	50092_ReplicatedStorage_BatConfig.luau
91183899041921	1	50085_ReplicatedStorage_TrailConfig.luau
92741034901562	1	50087_ReplicatedStorage_SellConfig.luau
93703428762925	1	50092_ReplicatedStorage_BatConfig.luau
95792408360324	1	50085_ReplicatedStorage_TrailConfig.luau
97647392106621	1	50092_ReplicatedStorage_BatConfig.luau
97710820267323	1	50092_ReplicatedStorage_BatConfig.luau
97867270071868	1	50085_ReplicatedStorage_TrailConfig.luau
98657106137213	1	49996_StarterPlayer_StarterPlayerScripts_Controllers_PanelsController.luau
99023366608962	1	50092_ReplicatedStorage_BatConfig.luau
101853909396981	1	50085_ReplicatedStorage_TrailConfig.luau
101996791620923	2	49995_StarterPlayer_StarterPlayerScripts_Controllers_HudController.luau;50009_StarterPlayer_StarterPlayerScripts_ShopClient.luau
102155032844699	1	50092_ReplicatedStorage_BatConfig.luau
102382554203100	4	49996_StarterPlayer_StarterPlayerScripts_Controllers_PanelsController.luau;50009_StarterPlayer_StarterPlayerScripts_ShopClient.luau;50011_StarterPlayer_StarterPlayerScripts_TrailShopClient.luau;50014_StarterPlayer_StarterPlayerScripts_SignUpgradeClient.luau
102581215383481	2	50004_StarterPlayer_StarterPlayerScripts_EggChrome.luau;50027_StarterPlayer_StarterPlayerScripts_RebirthClient.luau
103125227018421	1	50092_ReplicatedStorage_BatConfig.luau
103180943014941	5	50003_StarterPlayer_StarterPlayerScripts_EggClient.luau;50009_StarterPlayer_StarterPlayerScripts_ShopClient.luau;50012_StarterPlayer_StarterPlayerScripts_GrowingEggsClient.luau;50017_StarterPlayer_StarterPlayerScripts_FuseMachineClient.luau;50087_ReplicatedStorage_SellConfig.luau
103551030328708	1	50092_ReplicatedStorage_BatConfig.luau
105106556574021	1	50092_ReplicatedStorage_BatConfig.luau
105247853965760	2	49995_StarterPlayer_StarterPlayerScripts_Controllers_HudController.luau;50077_ReplicatedStorage_Shared_UIKit.luau
106533933580463	1	50005_StarterPlayer_StarterPlayerScripts_PlotClient.luau
106678233822648	1	50092_ReplicatedStorage_BatConfig.luau
107281819028334	2	50004_StarterPlayer_StarterPlayerScripts_EggChrome.luau;50088_ReplicatedStorage_DayNightConfig.luau
107348064657097	1	50092_ReplicatedStorage_BatConfig.luau
107453728750635	2	49995_StarterPlayer_StarterPlayerScripts_Controllers_HudController.luau;50077_ReplicatedStorage_Shared_UIKit.luau
107687993847196	2	50003_StarterPlayer_StarterPlayerScripts_EggClient.luau;50087_ReplicatedStorage_SellConfig.luau
108812048400524	1	50004_StarterPlayer_StarterPlayerScripts_EggChrome.luau
110083852572719	9	49995_StarterPlayer_StarterPlayerScripts_Controllers_HudController.luau;49996_StarterPlayer_StarterPlayerScripts_Controllers_PanelsController.luau;50004_StarterPlayer_StarterPlayerScripts_EggChrome.luau;50009_StarterPlayer_StarterPlayerScripts_ShopClient.luau;50010_StarterPlayer_StarterPlayerScripts_IndexClient.luau;50011_StarterPlayer_StarterPlayerScripts_TrailShopClient.luau;50012_StarterPlayer_StarterPlayerScripts_GrowingEggsClient.luau;50013_StarterPlayer_StarterPlayerScripts_ActivePetsClient.luau;50018_StarterPlayer_StarterPlayerScripts_BossHitOfferClient.luau
110629665052805	1	49995_StarterPlayer_StarterPlayerScripts_Controllers_HudController.luau
110980639547832	1	50092_ReplicatedStorage_BatConfig.luau
111060587869326	1	50021_StarterPlayer_StarterPlayerScripts_AdminTreadmillClient.luau
112514590166782	2	49996_StarterPlayer_StarterPlayerScripts_Controllers_PanelsController.luau;50009_StarterPlayer_StarterPlayerScripts_ShopClient.luau
113312414381082	1	50092_ReplicatedStorage_BatConfig.luau
115059336607903	1	50092_ReplicatedStorage_BatConfig.luau
115427788914202	1	50004_StarterPlayer_StarterPlayerScripts_EggChrome.luau
115886624796323	2	50004_StarterPlayer_StarterPlayerScripts_EggChrome.luau;50088_ReplicatedStorage_DayNightConfig.luau
116327285896545	1	50004_StarterPlayer_StarterPlayerScripts_EggChrome.luau
117573494630490	1	50085_ReplicatedStorage_TrailConfig.luau
118786626401575	1	50092_ReplicatedStorage_BatConfig.luau
119912840081124	1	50112_ServerScriptService_EggBossService.luau
120353597392384	2	49995_StarterPlayer_StarterPlayerScripts_Controllers_HudController.luau;50077_ReplicatedStorage_Shared_UIKit.luau
124077178421900	1	49995_StarterPlayer_StarterPlayerScripts_Controllers_HudController.luau
124813926602983	1	50092_ReplicatedStorage_BatConfig.luau
125583923099311	1	50092_ReplicatedStorage_BatConfig.luau
125630767448863	1	50092_ReplicatedStorage_BatConfig.luau
126213576980021	7	49996_StarterPlayer_StarterPlayerScripts_Controllers_PanelsController.luau;50004_StarterPlayer_StarterPlayerScripts_EggChrome.luau;50005_StarterPlayer_StarterPlayerScripts_PlotClient.luau;50009_StarterPlayer_StarterPlayerScripts_ShopClient.luau;50010_StarterPlayer_StarterPlayerScripts_IndexClient.luau;50011_StarterPlayer_StarterPlayerScripts_TrailShopClient.luau;50018_StarterPlayer_StarterPlayerScripts_BossHitOfferClient.luau
126239827074398	1	50092_ReplicatedStorage_BatConfig.luau
127572461156203	1	50085_ReplicatedStorage_TrailConfig.luau
128088129405176	2	50003_StarterPlayer_StarterPlayerScripts_EggClient.luau;50127_ServerScriptService_BatService.luau
128851784429012	1	50087_ReplicatedStorage_SellConfig.luau
128942760086040	1	50092_ReplicatedStorage_BatConfig.luau
129798509906580	1	49995_StarterPlayer_StarterPlayerScripts_Controllers_HudController.luau
131341438034561	1	50092_ReplicatedStorage_BatConfig.luau
133399689676988	1	50092_ReplicatedStorage_BatConfig.luau
133416413830775	1	50009_StarterPlayer_StarterPlayerScripts_ShopClient.luau
133865734758806	1	50092_ReplicatedStorage_BatConfig.luau
135165109321177	1	50092_ReplicatedStorage_BatConfig.luau
135534251950969	1	49995_StarterPlayer_StarterPlayerScripts_Controllers_HudController.luau
137317555173832	2	50004_StarterPlayer_StarterPlayerScripts_EggChrome.luau;50010_StarterPlayer_StarterPlayerScripts_IndexClient.luau
138926013267839	7	49995_StarterPlayer_StarterPlayerScripts_Controllers_HudController.luau;50004_StarterPlayer_StarterPlayerScripts_EggChrome.luau;50018_StarterPlayer_StarterPlayerScripts_BossHitOfferClient.luau;50077_ReplicatedStorage_Shared_UIKit.luau;50080_ReplicatedStorage_Shared_WindowSkin.luau;50081_ReplicatedStorage_EggConfig.luau;50083_ReplicatedStorage_AnimalPaint.luau
138937455667236	1	50092_ReplicatedStorage_BatConfig.luau
139714160238622	1	50092_ReplicatedStorage_BatConfig.luau