path	size_bytes	sha256
stealanegg14.rbxl	34944300	9a6ff179f37388b6e03abca421c8f3343431991f5516cc0d8f2eaf6edac8abd3
stealanegg14_EN_FR.rbxl	34962917	ce8d0606b357d76a1396c5636aa902e085c05194b31f87674540461fa76ba700
stealanegg14_EN_FR_COMPLETE.rbxl	34968802	5e25c079a63e154e3f0b8d0e780c7c048d548f82262559910864e40d5c4519c9
steal_an_egg_source_backup.tar.gz	784892	aaea7d6365f9284ebcd85bece28a12912f46b9b6214adf078be77c3a3c8feb7d
sstr.bin	90583835	bde3a6894eb82739a946d9ff91357de0b53b20b5de2a41dc863611722afa591d
sstr.zst	32609258	d466b95d64c62c167cd6724140173ab4fdcc325e68f02ad13703131c6e6754fd
image.png	2165074	a0779e6ee9e2444837cf88598cb7616286f58685e688839131f9c9f4d4518811
parse_rbxl.py	6479	24f0b88c5d67c2c6f33f01a54c821447afa3b1c0fab217aebdd8f7284da337ee
parse_complete.py	6503	56d67ad023d5b0845007c484b4775cbd0f02ddd2b36179dd2d1c5e590dd34586
scan_rbxl.py	1308	44ed6349ff9e168434efcef3abbf90ba083164f2c6d51315a98ef712395a1046
patch_localization.py	19905	6d5c6022f05fdf29bc058505c75bf3d3ccdb287f7e6c23537153d96f4be3c11c
patch_localization_v2.py	24654	6b06fd143052217c728d23c6e49d83010dfff8392c907faf527aeb1e9a478801
localization_en_fr.csv	11105	d7a564f938dbea3f82e5ee23ec42b4eb1e943a3addaddb77fb3e0646efec1dcb
asset_ids.tsv	13157	6d42417b432234ed0af3435ce19fe6d3ec420154e3b61f0cc83095aebd522c5d
source_bytes.tsv	5904	1a5e1c5a31cfd0254561f4124b87dec61a0e4ffbebf86452d3a97c8c6de8347d
source_manifest.tsv	6853	f88fcc76750cc116450aa9ed1b8d7104f5b56d6d46f39f88379061f3c4608970
rbxl_checksums.tsv	320	6f0407bbde7f7bec90c1a93905386cc06d1cfccfca8eb78179f21534bce39653
rbxinspect/go.mod	29	d6df1ad498b5f86a9bc2440e4526a389a2b4cf14c550c11c5ab5a06d750ac373
rbxinspect/inspect.py	8244	1a21e19fb38a104da306a8fe62ce6b791f1186a00a4070c75f14b69f900f7bf6
rbxinspect/interesting.json	1017658	30ef40f72804578eb862b575ff2681a72156fec40a479608c4c919bf434dc25d
rbxinspect/scripts/0000_Script_ServerScriptService_Services_StatsService.luau	9038	59ed4c533719c37d4804d8a89199401fc552e870ae20e9300f72ea4c5214a861
rbxinspect/scripts/0001_Script_ServerScriptService_Services_NameplateService.luau	804	ae8be1e7e5ac1debd173d1ad4027d46679e3cb22052648fce4c39551e84adb47
rbxinspect/scripts/0002_Script_ServerScriptService_Services_SettingsService.luau	1504	131cf16e6ebdf6642c67a2861299b9627b646e4a8bfe3519514ae627bea5a027
rbxinspect/scripts/0003_Script_ServerScriptService_Services_AdminService.luau	17622	6af1ac2d5dddba299454e4fe3a21fe9a13f32d13facb0b73589a1f7e5abb44cd
rbxinspect/scripts/0004_Script_ServerScriptService_Services_FreeRewardService.luau	2768	232e1e26eb271fb2cf782637926826088eeaaedd77a3caac87c5bbf4c50c7e53
rbxinspect/scripts/0005_Script_ServerScriptService_Services_CharacterService.luau	1116	cacb1ce0e5c428349ecd551aa6fb6aad5dfb65490e6b06af3e8c8bcbca801630
rbxinspect/scripts/0006_Script_ServerScriptService_Services_PurchaseService.luau	2924	44ba500a06d4fbde5b854dfcbe5316003b3f142ee5fa124f42c309b0132a59de
rbxinspect/scripts/0007_Script_ServerScriptService_Services_LeaderboardService.luau	5521	d3c3db3465cde5b0e58e4b54b34b8fb58d744bb498a23976cfaefef0691a31a1
rbxinspect/scripts/0008_Script_ServerScriptService_Services_ShopService.luau	9780	da38db2f014b0f0b690cb6cd0a9ebcb49ca1727ae9dc0d987ec275fa69bd9b6d
rbxinspect/scripts/0009_Script_ServerScriptService_Services_SpeedShopService.luau	5130	67115a24a04959b44454d7862ea5182416f6f92261974612ca004187ee5211da
rbxinspect/scripts/0010_Script_ServerScriptService_Services_RebirthService.luau	2494	301206329f0f3aaf7520d3df4b527834b4f87df9e5b78deaa36111be81c6c2eb
rbxinspect/scripts/0011_Script_ServerScriptService_AssetManifest.luau	3657	7505547a69a8f5a65eae6493fbfa96bf95d6113ed6ca1a40f4b199c7ef554277
rbxinspect/scripts/0012_Script_ServerScriptService_EggBossService.luau	75565	40387b74670342c458f90b7f0ddd74bbc2427df92f5765e870174cfb0e236f52
rbxinspect/scripts/0013_Script_ServerScriptService_PlotService.luau	12298	ec51e13b0742551204283618307b8ffaa3226990015a77775d0b6afa80d951b9
rbxinspect/scripts/0014_Script_ServerScriptService_NestService.luau	45152	6df9ac2723c0c2a3db192b675463970a05c16e6aca79092e2258b4ad8a198258
rbxinspect/scripts/0015_Script_ServerScriptService_LevelService.luau	8396	dbbdde81da600cd7e6143ed47f1e2dddf8fcfcee87381bbf45097a0de4b7a32c
rbxinspect/scripts/0016_Script_ServerScriptService_MapBounds.luau	1664	e4bd4ffcf9860d71271a352a520eea73d70e032d5f17e3e34877c2f1cb96c309
rbxinspect/scripts/0017_Script_ServerScriptService_ZoneStreaming.luau	3100	3460310e98e85d4708a7ee1f1a5d0e4d82ada5134a0cbb0415493221db3b6215
rbxinspect/scripts/0018_Script_ServerScriptService_PetIndexService.luau	9509	9097069af17628935ced31779ac571a58c38d6f1cc3d7def1b7eea4d7aabf3f2
rbxinspect/scripts/0019_Script_ServerScriptService_BoostStarter.luau	493	30ac7fdcd300277031a57a75135b79f63cdc844dc0c0ef5f03ccebc5d3436e5c
rbxinspect/scripts/0020_Script_ServerScriptService_TrailService.luau	6512	7a48d3af44e5af853312389b186798bb4fa756650a9b2d84ff22ad7871037fba
rbxinspect/scripts/0021_Script_ServerScriptService_PlotUpgradeService.luau	5068	bce06291f84e900a074dc0fa881c9069a90fc2a71e17ce1b49f002afee5590d9
rbxinspect/scripts/0022_Script_ServerScriptService_SellService.luau	3482	0fddcd67059e52ce2d1a3f6395be5cbe695f76933efce99276bc1abdafbd21da
rbxinspect/scripts/0023_Script_ServerScriptService_DayNightService.luau	10170	1bfb1774297a4d9adf461d3bbd192e537f0174f9a7d8234d04e5c2b3d5a796e4
rbxinspect/scripts/0024_Script_ServerScriptService_PlayerListStats.luau	1751	65f553c0a03d393b947747f48ac9d27602bfee158e9fef9256309e3223942e09
rbxinspect/scripts/0025_Script_ServerScriptService_FuseService.luau	3508	5a528b283fcdd11e1a3349b4e948ed1ad5746b7e1004d72906c2be3c2d91b352
rbxinspect/scripts/0026_Script_ServerScriptService_AdminTreadmillService.luau	6324	f1449a4aa89dd78123ffe9754e695e269bb933557e5de2ab28bd48628ff96617
rbxinspect/scripts/0027_Script_ServerScriptService_TreadmillToolGuard.luau	981	dfbd0bad81a65ef07165a32b26426f84169199b9f98170d5866a274633ab624b
rbxinspect/scripts/0028_Script_ServerScriptService_CaptureEggService.luau	13668	563293095f40967405d26199e30a47b963ef49a19f7d3c8cfb1ddc9d31084987
rbxinspect/scripts/0029_LocalScript_ReplicatedFirst_Preloader.luau	3421	52006dcecd5932b0927c6e9ef04b695b46992ce4984ed7a96a0e0065f199e104
rbxinspect/scripts/0030_LocalScript_StarterPlayer_StarterPlayerScripts_Controllers_HudController.luau	23588	cbe14d0394209ef07a7cf3b1df7934b1804a082e001426cdd008128dbe8a13ab
rbxinspect/scripts/0031_LocalScript_StarterPlayer_StarterPlayerScripts_Controllers_PanelsController.luau	13250	c92f8705ed4a2a4813aa9adb2a2eb8d6847cfcba8720b3e077533b93b2425a0a
rbxinspect/scripts/0032_LocalScript_StarterPlayer_StarterPlayerScripts_Controllers_SettingsController.luau	7736	c036ce8a59d5aa335e5d13aa788fc08fb2283994c629ff4b7bd7fa911639d184
rbxinspect/scripts/0033_LocalScript_StarterPlayer_StarterPlayerScripts_Controllers_AdminController.luau	42249	61b566ffc211ed696731dce47c7a376ef86bceae950f251d36d8beb48b302b97
rbxinspect/scripts/0034_LocalScript_StarterPlayer_StarterPlayerScripts_Controllers_GamepadController.luau	5060	be7299ac7445555f365c26f7e260f49fae10d1edc9a8aceb8b599b48eb8f6b69
rbxinspect/scripts/0035_LocalScript_StarterPlayer_StarterPlayerScripts_DecorCulling.luau	1537	2358bbb132b14b9ea106fb529a02d95311d46d4036982a548a3dce807db427f4
rbxinspect/scripts/0036_LocalScript_StarterPlayer_StarterPlayerScripts_CosmicSpin.luau	3366	42582f6607cbdcbc05e3ac96637e093049b75aef2afb8f0c912fd16ea54c9add
rbxinspect/scripts/0037_LocalScript_StarterPlayer_StarterPlayerScripts_PetalFall.luau	3052	17dd7c2bbb8c75e2a44bdd25ce03357aa14d17030886c996852e87f1800aedf9
rbxinspect/scripts/0038_LocalScript_StarterPlayer_StarterPlayerScripts_EggClient.luau	55983	fb640ca8399b4201b75b07058550504d6726cf4b92299192bcdd9ed93da80a14
rbxinspect/scripts/0039_LocalScript_StarterPlayer_StarterPlayerScripts_EggChrome.luau	33264	cc1a3d39fc5b8b9fed9faab2e74669240f30c33ebbc5a22e0caa73e56e6ef91e
rbxinspect/scripts/0040_LocalScript_StarterPlayer_StarterPlayerScripts_PlotClient.luau	12010	cd58d07b9c1b69953b1d5318c999b8c326897d34d094bfffd4c9473e26075abd
rbxinspect/scripts/0041_LocalScript_StarterPlayer_StarterPlayerScripts_NestClient.luau	22287	d28120c74eeb69ebe952cd97dba232d5f3f5bfd23a79242cc09e013ce0d3a9ff
rbxinspect/scripts/0042_LocalScript_StarterPlayer_StarterPlayerScripts_RewardChestClient.luau	3513	b39d7cac4bfb3952e28d2967b2b1d696222669222cef37d97ef15d76d7677cda
rbxinspect/scripts/0043_LocalScript_StarterPlayer_StarterPlayerScripts_AnimalClient.luau	10315	96126b32774096e1539ddad0c0d184e0fc0a2675f59b91123f0eb2b3890d22a5
rbxinspect/scripts/0044_LocalScript_StarterPlayer_StarterPlayerScripts_ShopClient.luau	24728	62cbdb8a6bca51cc2a20f0f3556443a33192447e19565774399c49f84312ae70
rbxinspect/scripts/0045_LocalScript_StarterPlayer_StarterPlayerScripts_IndexClient.luau	27107	bbb1474f343c2ac0eb00a31d53399b4e3d2ae4ebfe75348f2f8025f16ee495cb
rbxinspect/scripts/0046_LocalScript_StarterPlayer_StarterPlayerScripts_TrailShopClient.luau	15580	9a5d69d1624ad9cc0b061da54059e6f7c73b937d3edc1de49cc07a878f4ed52e
rbxinspect/scripts/0047_LocalScript_StarterPlayer_StarterPlayerScripts_GrowingEggsClient.luau	12496	7d9be11d46fdbae1b4736d3d8e8e4471f5083fa30935f3b57010e91aa1b1925a
rbxinspect/scripts/0048_LocalScript_StarterPlayer_StarterPlayerScripts_ActivePetsClient.luau	12918	f65060f43c66e040708caca889f223c588ad3f8f3fa5335b01627a3662e5a451
rbxinspect/scripts/0049_LocalScript_StarterPlayer_StarterPlayerScripts_SignUpgradeClient.luau	8845	d4a9872a55a15347b7c95d68277b6179f44e5f28c11705eb87eff0f6ab9d780c
rbxinspect/scripts/0050_LocalScript_StarterPlayer_StarterPlayerScripts_SellShopClient.luau	29309	d8a8310a5f97087da9b06688a1691a17d5c315a546a49b05df24a02aa55f70b8
rbxinspect/scripts/0051_LocalScript_StarterPlayer_StarterPlayerScripts_DayNightClient.luau	9240	2bba669c0d044e7e8b3903e75beb98f481255bb272b8bb92eeb624e409b5112c
rbxinspect/scripts/0052_LocalScript_StarterPlayer_StarterPlayerScripts_FuseMachineClient.luau	24827	ae1c88f818f42f4ec9ae542f4f7ee5714bb603b7c0a5010efda79ef8e1aee327
rbxinspect/scripts/0053_LocalScript_StarterPlayer_StarterPlayerScripts_BossHitOfferClient.luau	8719	1b66d245899c90fcc37b06907d03da54fff4465036dcf8c658eabdc675fedce8
rbxinspect/scripts/0054_LocalScript_StarterPlayer_StarterPlayerScripts_BossClient.luau	11146	5152637c371c53394fe2820becba14a57ca594589e9cad42064f4fa3c990a598
rbxinspect/scripts/0055_LocalScript_StarterPlayer_StarterPlayerScripts_CarryPoseClient.luau	4880	c937f6376dda8800aac9e812fb4eef791e49d23499673f2a71bb0841e68a0243
rbxinspect/scripts/0056_LocalScript_StarterPlayer_StarterPlayerScripts_AdminTreadmillClient.luau	1883	0b930d503a7ff3080eb1f72a45d5dbe8d0bc5868c4e9c3372c6f94a50954e827
rbxinspect/scripts/0057_LocalScript_StarterPlayer_StarterPlayerScripts_HoloGradient.luau	2060	f737b55395c10e04f0d462325d3c5025911095016b073841ce9ea80fac57e93f
rbxinspect/scripts/0058_LocalScript_StarterPlayer_StarterPlayerScripts_BatTextureClient.luau	4427	de6952d8a43a105f69521979c7234c8f9ca728ee6aedda28696b770860421ee8
rbxinspect/scripts/0059_LocalScript_StarterPlayer_StarterPlayerScripts_AdminPortalClient.luau	1825	a536a564b03f0793b83cc1db5ffa6e847ebae77cc4bd3126ae77df1b165fda54
rbxinspect/scripts/0060_LocalScript_StarterPlayer_StarterPlayerScripts_CaptureEggClient.luau	8497	d41e8bd6f322881b071d26ea95bca7e6b370ed0aa87704e014cf40422dd38771
rbxinspect/scripts/0061_LocalScript_StarterPlayer_StarterPlayerScripts_WindowSkinClient.luau	543	6f841e5444620722a31fddeebb8b0b14f4815fb3d320d76e959ee94dcaebfe00
rbxinspect/scripts/0062_LocalScript_StarterPlayer_StarterPlayerScripts_RebirthClient.luau	6403	10bb6ae8d9c7757bcd413fca26e78a6d029422d71585f8adc6d61b937780dfa0
rbxinspect/scripts/0063_ModuleScript_ReplicatedStorage_Shared_Config.luau	640	a33cfeac078c6af2284872e65404e90550f88f396c3e2a2bd2af7992a49deada
rbxinspect/scripts/0064_ModuleScript_ReplicatedStorage_Shared_UIKit.luau	22180	913897f389799695ac8044fa9cd7e6e35595ef3b7d702b7b6e6c4e827baaa7a7
rbxinspect/scripts/0065_ModuleScript_ReplicatedStorage_Shared_Sfx.luau	1362	689abd06e21af83f6a9a499a723b6b8659a10cf35637fa60e518d9fe1fdfa9d8
rbxinspect/scripts/0066_ModuleScript_ReplicatedStorage_Shared_AssetQueue.luau	1597	695d9f32747bf5f3a7ba1125e6b81a2a237fabec0b5543af8ecc10936002e18e
rbxinspect/scripts/0067_ModuleScript_ReplicatedStorage_Shared_WindowSkin.luau	27342	62ca1951e40e04adc9b516e923aa2f69125b41fa65b0a0f784269376c9927328
rbxinspect/scripts/0068_ModuleScript_ReplicatedStorage_EggConfig.luau	11832	417cbb18d031f7147f7f11923ac2a7b62603ca2f1af33d47865be5a55cbd648b
rbxinspect/scripts/0069_ModuleScript_ReplicatedStorage_AnimalRig.luau	28611	d667aaa897deb01fb87bc96c93c3ef597eaa133fdc5ec83ea82dd44514c59b04
rbxinspect/scripts/0070_ModuleScript_ReplicatedStorage_AnimalPaint.luau	27607	e174d41d8f61e355feefb6f240c8df2d2c1ba4d9a0debb73cf5a20ac5065702f
rbxinspect/scripts/0071_ModuleScript_ReplicatedStorage_SpeedPassConfig.luau	809	a0bbc8adb1a8a3180fd90a86b05afe3af302b70a34e1e14f2371a9cf900d043e
rbxinspect/scripts/0072_ModuleScript_ReplicatedStorage_TrailConfig.luau	2426	957bf602edea96a636b247235c6f7e7ffb7329db31f105412061518b80a26ee0
rbxinspect/scripts/0073_ModuleScript_ReplicatedStorage_UpgradeConfig.luau	1218	cdf58a346a6d9038fc2a0659a27b22dfd4d5cf83fbd26a2d90e94eae8606f050
rbxinspect/scripts/0074_ModuleScript_ReplicatedStorage_SellConfig.luau	673	837687d240e3ece0af0dfa5d57529a477ad1fba49fe3a9130c32cdeb312fa67b
rbxinspect/scripts/0075_ModuleScript_ReplicatedStorage_DayNightConfig.luau	640	2da23648b2f696ec7eaad84d568de777660701e5c60e32fd1737b3b5cea13f1f
rbxinspect/scripts/0076_ModuleScript_ReplicatedStorage_FuseConfig.luau	1622	5b64f2ca9bbced27b23226ecf44a810f1326dffd52cf42b3c31a396dc94f1a19
rbxinspect/scripts/0077_ModuleScript_ReplicatedStorage_MonetizationConfig.luau	5651	168e7f45077c19634e021a515acc9fbbb2050ee4cfe80aaf5ae56d84c0ccfd37
rbxinspect/scripts/0078_ModuleScript_ReplicatedStorage_BossAnim.luau	1737	a012e65ef75b12c3dff8ca84acdbd91c73055abd0787af887ec71a13815ff979
rbxinspect/scripts/0079_ModuleScript_ReplicatedStorage_BatConfig.luau	2762	2cd6a1017f2d2d742671a009c0a89ff9d21f544cb47e5b8fb2b7408d618aa70d
rbxinspect/scripts/0080_ModuleScript_ReplicatedStorage_CaptureEggConfig.luau	295	f586bfa964f6faa1e9afb550afa967b9cedb247197e46fa9e3ac7986b2a8b4b4
rbxinspect/scripts/0081_ModuleScript_ReplicatedStorage_RebirthConfig.luau	1263	cd971a0882598a09be51c490d62e072f9a6af743f6e273adf7a78fa36d915dab
rbxinspect/scripts/0082_ModuleScript_ReplicatedStorage_AnimalRarity.luau	2955	94259c85aa46daa390b653e5a1ec488dfab8fd07eaa693017149898b1a74eb05
rbxinspect/scripts/0083_ModuleScript_ServerScriptService_Services_GlobalBoostService.luau	6850	3824dafe49ab84927e33447b466bab1ca01a0c871a8ea2de1423c3b47174e561
rbxinspect/scripts/0084_ModuleScript_ServerScriptService_BatService.luau	4925	74ceb8b5c05c8c8bdb8e245ec43a58894fb9998ab4ae2613ab76563300b8755b
rbxinspect/scripts/0085_ModuleScript_ServerScriptService_AnimalEggs.luau	1787	898e4c4033ef10230418582de493e4d10f8079f06056e274e364d9f6d9e8a5b1
rbxinspect/scripts/0086_ModuleScript_ServerStorage_Ragdoll.luau	3530	6ebad2e2eedf2870f0c78bd1fdd394bbbaa88a452ad2f1ca015ddb21e67829d1
rbxinspect/scripts/0087_ModuleScript_ServerStorage_ZoneTools.luau	4769	d076b709ff6f1a1104b88f261c6bb364a67f3dbbe2d338956b2aaabb5505cc6d
rbxinspect/scripts/0088_ModuleScript_ServerStorage_ZoneLoader.luau	13057	504e96bb50be8e9e9cf94c35145f57e9dc677f72f6d24a82227338799ea250ff
rbxinspect/scripts.json	975287	8c4e8816538f8ccf8a43a3a1ceb0bfdb974d8b39d0dcf758c9fb2e8960aafc2b
rbxinspect/summary.json	7622	2875ba6b9bc1982aec99fe6cd278caff146c6873103168a4ec5e8af4b60f0b9f
rbxinspect/tree.txt	1121155	299d001f8ad79bb1b316e182646d2526c606a4f616b5a06f4a401ee87be4e95a
stealanegg_audit/class_counts.json	2439	d116badbd2cdd0c87ce4a766a65dea193a9fd89c302f1f3de9040c539950c670
stealanegg_audit/code_metadata.json	55326	24e2921e0894ddd3a274ed112706e6f84a9d695de805ff8f4e4c66a4fb99224d
stealanegg_audit/propmeta.json	241502	e762f88c17bf784ce24f7a45b3bdbe1c255aaed97e4b556a298561817e80369f
stealanegg_audit/script_signals.json	58342	5386c3576579d5b6529faf7eb105bf52a50d2dc5dcd9ccf71dfd96c6e9ef8003
stealanegg_audit/scripts/49978_ReplicatedFirst_Preloader.luau	3421	52006dcecd5932b0927c6e9ef04b695b46992ce4984ed7a96a0e0065f199e104
stealanegg_audit/scripts/49995_StarterPlayer_StarterPlayerScripts_Controllers_HudController.luau	23588	cbe14d0394209ef07a7cf3b1df7934b1804a082e001426cdd008128dbe8a13ab
stealanegg_audit/scripts/49996_StarterPlayer_StarterPlayerScripts_Controllers_PanelsController.luau	13250	c92f8705ed4a2a4813aa9adb2a2eb8d6847cfcba8720b3e077533b93b2425a0a
stealanegg_audit/scripts/49997_StarterPlayer_StarterPlayerScripts_Controllers_SettingsController.luau	7736	c036ce8a59d5aa335e5d13aa788fc08fb2283994c629ff4b7bd7fa911639d184
stealanegg_audit/scripts/49998_StarterPlayer_StarterPlayerScripts_Controllers_AdminController.luau	42249	61b566ffc211ed696731dce47c7a376ef86bceae950f251d36d8beb48b302b97
stealanegg_audit/scripts/49999_StarterPlayer_StarterPlayerScripts_Controllers_GamepadController.luau	5060	be7299ac7445555f365c26f7e260f49fae10d1edc9a8aceb8b599b48eb8f6b69
stealanegg_audit/scripts/50000_StarterPlayer_StarterPlayerScripts_DecorCulling.luau	1537	2358bbb132b14b9ea106fb529a02d95311d46d4036982a548a3dce807db427f4
stealanegg_audit/scripts/50001_StarterPlayer_StarterPlayerScripts_CosmicSpin.luau	3366	42582f6607cbdcbc05e3ac96637e093049b75aef2afb8f0c912fd16ea54c9add
stealanegg_audit/scripts/50002_StarterPlayer_StarterPlayerScripts_PetalFall.luau	3052	17dd7c2bbb8c75e2a44bdd25ce03357aa14d17030886c996852e87f1800aedf9
stealanegg_audit/scripts/50003_StarterPlayer_StarterPlayerScripts_EggClient.luau	55983	fb640ca8399b4201b75b07058550504d6726cf4b92299192bcdd9ed93da80a14
stealanegg_audit/scripts/50004_StarterPlayer_StarterPlayerScripts_EggChrome.luau	33264	cc1a3d39fc5b8b9fed9faab2e74669240f30c33ebbc5a22e0caa73e56e6ef91e
stealanegg_audit/scripts/50005_StarterPlayer_StarterPlayerScripts_PlotClient.luau	12010	cd58d07b9c1b69953b1d5318c999b8c326897d34d094bfffd4c9473e26075abd
stealanegg_audit/scripts/50006_StarterPlayer_StarterPlayerScripts_NestClient.luau	22287	d28120c74eeb69ebe952cd97dba232d5f3f5bfd23a79242cc09e013ce0d3a9ff
stealanegg_audit/scripts/50007_StarterPlayer_StarterPlayerScripts_RewardChestClient.luau	3513	b39d7cac4bfb3952e28d2967b2b1d696222669222cef37d97ef15d76d7677cda
stealanegg_audit/scripts/50008_StarterPlayer_StarterPlayerScripts_AnimalClient.luau	10315	96126b32774096e1539ddad0c0d184e0fc0a2675f59b91123f0eb2b3890d22a5
stealanegg_audit/scripts/50009_StarterPlayer_StarterPlayerScripts_ShopClient.luau	24728	62cbdb8a6bca51cc2a20f0f3556443a33192447e19565774399c49f84312ae70
stealanegg_audit/scripts/50010_StarterPlayer_StarterPlayerScripts_IndexClient.luau	27107	bbb1474f343c2ac0eb00a31d53399b4e3d2ae4ebfe75348f2f8025f16ee495cb
stealanegg_audit/scripts/50011_StarterPlayer_StarterPlayerScripts_TrailShopClient.luau	15580	9a5d69d1624ad9cc0b061da54059e6f7c73b937d3edc1de49cc07a878f4ed52e
stealanegg_audit/scripts/50012_StarterPlayer_StarterPlayerScripts_GrowingEggsClient.luau	12496	7d9be11d46fdbae1b4736d3d8e8e4471f5083fa30935f3b57010e91aa1b1925a
stealanegg_audit/scripts/50013_StarterPlayer_StarterPlayerScripts_ActivePetsClient.luau	12918	f65060f43c66e040708caca889f223c588ad3f8f3fa5335b01627a3662e5a451
stealanegg_audit/scripts/50014_StarterPlayer_StarterPlayerScripts_SignUpgradeClient.luau	8845	d4a9872a55a15347b7c95d68277b6179f44e5f28c11705eb87eff0f6ab9d780c
stealanegg_audit/scripts/50015_StarterPlayer_StarterPlayerScripts_SellShopClient.luau	29309	d8a8310a5f97087da9b06688a1691a17d5c315a546a49b05df24a02aa55f70b8
stealanegg_audit/scripts/50016_StarterPlayer_StarterPlayerScripts_DayNightClient.luau	9240	2bba669c0d044e7e8b3903e75beb98f481255bb272b8bb92eeb624e409b5112c
stealanegg_audit/scripts/50017_StarterPlayer_StarterPlayerScripts_FuseMachineClient.luau	24827	ae1c88f818f42f4ec9ae542f4f7ee5714bb603b7c0a5010efda79ef8e1aee327
stealanegg_audit/scripts/50018_StarterPlayer_StarterPlayerScripts_BossHitOfferClient.luau	8719	1b66d245899c90fcc37b06907d03da54fff4465036dcf8c658eabdc675fedce8
stealanegg_audit/scripts/50019_StarterPlayer_StarterPlayerScripts_BossClient.luau	11146	5152637c371c53394fe2820becba14a57ca594589e9cad42064f4fa3c990a598
stealanegg_audit/scripts/50020_StarterPlayer_StarterPlayerScripts_CarryPoseClient.luau	4880	c937f6376dda8800aac9e812fb4eef791e49d23499673f2a71bb0841e68a0243
stealanegg_audit/scripts/50021_StarterPlayer_StarterPlayerScripts_AdminTreadmillClient.luau	1883	0b930d503a7ff3080eb1f72a45d5dbe8d0bc5868c4e9c3372c6f94a50954e827
stealanegg_audit/scripts/50022_StarterPlayer_StarterPlayerScripts_HoloGradient.luau	2060	f737b55395c10e04f0d462325d3c5025911095016b073841ce9ea80fac57e93f
stealanegg_audit/scripts/50023_StarterPlayer_StarterPlayerScripts_BatTextureClient.luau	4427	de6952d8a43a105f69521979c7234c8f9ca728ee6aedda28696b770860421ee8
stealanegg_audit/scripts/50024_StarterPlayer_StarterPlayerScripts_AdminPortalClient.luau	1825	a536a564b03f0793b83cc1db5ffa6e847ebae77cc4bd3126ae77df1b165fda54
stealanegg_audit/scripts/50025_StarterPlayer_StarterPlayerScripts_CaptureEggClient.luau	8497	d41e8bd6f322881b071d26ea95bca7e6b370ed0aa87704e014cf40422dd38771
stealanegg_audit/scripts/50026_StarterPlayer_StarterPlayerScripts_WindowSkinClient.luau	543	6f841e5444620722a31fddeebb8b0b14f4815fb3d320d76e959ee94dcaebfe00
stealanegg_audit/scripts/50027_StarterPlayer_StarterPlayerScripts_RebirthClient.luau	6403	10bb6ae8d9c7757bcd413fca26e78a6d029422d71585f8adc6d61b937780dfa0
stealanegg_audit/scripts/50076_ReplicatedStorage_Shared_Config.luau	640	a33cfeac078c6af2284872e65404e90550f88f396c3e2a2bd2af7992a49deada
stealanegg_audit/scripts/50077_ReplicatedStorage_Shared_UIKit.luau	22180	913897f389799695ac8044fa9cd7e6e35595ef3b7d702b7b6e6c4e827baaa7a7
stealanegg_audit/scripts/50078_ReplicatedStorage_Shared_Sfx.luau	1362	689abd06e21af83f6a9a499a723b6b8659a10cf35637fa60e518d9fe1fdfa9d8
stealanegg_audit/scripts/50079_ReplicatedStorage_Shared_AssetQueue.luau	1597	695d9f32747bf5f3a7ba1125e6b81a2a237fabec0b5543af8ecc10936002e18e
stealanegg_audit/scripts/50080_ReplicatedStorage_Shared_WindowSkin.luau	27342	62ca1951e40e04adc9b516e923aa2f69125b41fa65b0a0f784269376c9927328
stealanegg_audit/scripts/50081_ReplicatedStorage_EggConfig.luau	11832	417cbb18d031f7147f7f11923ac2a7b62603ca2f1af33d47865be5a55cbd648b
stealanegg_audit/scripts/50082_ReplicatedStorage_AnimalRig.luau	28611	d667aaa897deb01fb87bc96c93c3ef597eaa133fdc5ec83ea82dd44514c59b04
stealanegg_audit/scripts/50083_ReplicatedStorage_AnimalPaint.luau	27607	e174d41d8f61e355feefb6f240c8df2d2c1ba4d9a0debb73cf5a20ac5065702f
stealanegg_audit/scripts/50084_ReplicatedStorage_SpeedPassConfig.luau	809	a0bbc8adb1a8a3180fd90a86b05afe3af302b70a34e1e14f2371a9cf900d043e
stealanegg_audit/scripts/50085_ReplicatedStorage_TrailConfig.luau	2426	957bf602edea96a636b247235c6f7e7ffb7329db31f105412061518b80a26ee0
stealanegg_audit/scripts/50086_ReplicatedStorage_UpgradeConfig.luau	1218	cdf58a346a6d9038fc2a0659a27b22dfd4d5cf83fbd26a2d90e94eae8606f050
stealanegg_audit/scripts/50087_ReplicatedStorage_SellConfig.luau	673	837687d240e3ece0af0dfa5d57529a477ad1fba49fe3a9130c32cdeb312fa67b
stealanegg_audit/scripts/50088_ReplicatedStorage_DayNightConfig.luau	640	2da23648b2f696ec7eaad84d568de777660701e5c60e32fd1737b3b5cea13f1f
stealanegg_audit/scripts/50089_ReplicatedStorage_FuseConfig.luau	1622	5b64f2ca9bbced27b23226ecf44a810f1326dffd52cf42b3c31a396dc94f1a19
stealanegg_audit/scripts/50090_ReplicatedStorage_MonetizationConfig.luau	5651	168e7f45077c19634e021a515acc9fbbb2050ee4cfe80aaf5ae56d84c0ccfd37
stealanegg_audit/scripts/50091_ReplicatedStorage_BossAnim.luau	1737	a012e65ef75b12c3dff8ca84acdbd91c73055abd0787af887ec71a13815ff979
stealanegg_audit/scripts/50092_ReplicatedStorage_BatConfig.luau	2762	2cd6a1017f2d2d742671a009c0a89ff9d21f544cb47e5b8fb2b7408d618aa70d
stealanegg_audit/scripts/50093_ReplicatedStorage_CaptureEggConfig.luau	295	f586bfa964f6faa1e9afb550afa967b9cedb247197e46fa9e3ac7986b2a8b4b4
stealanegg_audit/scripts/50094_ReplicatedStorage_RebirthConfig.luau	1263	cd971a0882598a09be51c490d62e072f9a6af743f6e273adf7a78fa36d915dab
stealanegg_audit/scripts/50095_ReplicatedStorage_AnimalRarity.luau	2955	94259c85aa46daa390b653e5a1ec488dfab8fd07eaa693017149898b1a74eb05
stealanegg_audit/scripts/50099_ServerScriptService_Services_StatsService.luau	9038	59ed4c533719c37d4804d8a89199401fc552e870ae20e9300f72ea4c5214a861
stealanegg_audit/scripts/50100_ServerScriptService_Services_NameplateService.luau	804	ae8be1e7e5ac1debd173d1ad4027d46679e3cb22052648fce4c39551e84adb47
stealanegg_audit/scripts/50101_ServerScriptService_Services_SettingsService.luau	1504	131cf16e6ebdf6642c67a2861299b9627b646e4a8bfe3519514ae627bea5a027
stealanegg_audit/scripts/50102_ServerScriptService_Services_AdminService.luau	17622	6af1ac2d5dddba299454e4fe3a21fe9a13f32d13facb0b73589a1f7e5abb44cd
stealanegg_audit/scripts/50103_ServerScriptService_Services_FreeRewardService.luau	2768	232e1e26eb271fb2cf782637926826088eeaaedd77a3caac87c5bbf4c50c7e53
stealanegg_audit/scripts/50104_ServerScriptService_Services_CharacterService.luau	1116	cacb1ce0e5c428349ecd551aa6fb6aad5dfb65490e6b06af3e8c8bcbca801630
stealanegg_audit/scripts/50105_ServerScriptService_Services_GlobalBoostService.luau	6850	3824dafe49ab84927e33447b466bab1ca01a0c871a8ea2de1423c3b47174e561
stealanegg_audit/scripts/50106_ServerScriptService_Services_PurchaseService.luau	2924	44ba500a06d4fbde5b854dfcbe5316003b3f142ee5fa124f42c309b0132a59de
stealanegg_audit/scripts/50107_ServerScriptService_Services_LeaderboardService.luau	5521	d3c3db3465cde5b0e58e4b54b34b8fb58d744bb498a23976cfaefef0691a31a1
stealanegg_audit/scripts/50108_ServerScriptService_Services_ShopService.luau	9780	da38db2f014b0f0b690cb6cd0a9ebcb49ca1727ae9dc0d987ec275fa69bd9b6d
stealanegg_audit/scripts/50109_ServerScriptService_Services_SpeedShopService.luau	5130	67115a24a04959b44454d7862ea5182416f6f92261974612ca004187ee5211da
stealanegg_audit/scripts/50110_ServerScriptService_Services_RebirthService.luau	2494	301206329f0f3aaf7520d3df4b527834b4f87df9e5b78deaa36111be81c6c2eb
stealanegg_audit/scripts/50111_ServerScriptService_AssetManifest.luau	3657	7505547a69a8f5a65eae6493fbfa96bf95d6113ed6ca1a40f4b199c7ef554277
stealanegg_audit/scripts/50112_ServerScriptService_EggBossService.luau	75565	40387b74670342c458f90b7f0ddd74bbc2427df92f5765e870174cfb0e236f52
stealanegg_audit/scripts/50113_ServerScriptService_PlotService.luau	12298	ec51e13b0742551204283618307b8ffaa3226990015a77775d0b6afa80d951b9
stealanegg_audit/scripts/50114_ServerScriptService_NestService.luau	45152	6df9ac2723c0c2a3db192b675463970a05c16e6aca79092e2258b4ad8a198258
stealanegg_audit/scripts/50115_ServerScriptService_LevelService.luau	8396	dbbdde81da600cd7e6143ed47f1e2dddf8fcfcee87381bbf45097a0de4b7a32c
stealanegg_audit/scripts/50116_ServerScriptService_MapBounds.luau	1664	e4bd4ffcf9860d71271a352a520eea73d70e032d5f17e3e34877c2f1cb96c309
stealanegg_audit/scripts/50117_ServerScriptService_ZoneStreaming.luau	3100	3460310e98e85d4708a7ee1f1a5d0e4d82ada5134a0cbb0415493221db3b6215
stealanegg_audit/scripts/50118_ServerScriptService_PetIndexService.luau	9509	9097069af17628935ced31779ac571a58c38d6f1cc3d7def1b7eea4d7aabf3f2
stealanegg_audit/scripts/50119_ServerScriptService_BoostStarter.luau	493	30ac7fdcd300277031a57a75135b79f63cdc844dc0c0ef5f03ccebc5d3436e5c
stealanegg_audit/scripts/50120_ServerScriptService_TrailService.luau	6512	7a48d3af44e5af853312389b186798bb4fa756650a9b2d84ff22ad7871037fba
stealanegg_audit/scripts/50121_ServerScriptService_PlotUpgradeService.luau	5068	bce06291f84e900a074dc0fa881c9069a90fc2a71e17ce1b49f002afee5590d9
stealanegg_audit/scripts/50122_ServerScriptService_SellService.luau	3482	0fddcd67059e52ce2d1a3f6395be5cbe695f76933efce99276bc1abdafbd21da
stealanegg_audit/scripts/50123_ServerScriptService_DayNightService.luau	10170	1bfb1774297a4d9adf461d3bbd192e537f0174f9a7d8234d04e5c2b3d5a796e4
stealanegg_audit/scripts/50124_ServerScriptService_PlayerListStats.luau	1751	65f553c0a03d393b947747f48ac9d27602bfee158e9fef9256309e3223942e09
stealanegg_audit/scripts/50125_ServerScriptService_FuseService.luau	3508	5a528b283fcdd11e1a3349b4e948ed1ad5746b7e1004d72906c2be3c2d91b352
stealanegg_audit/scripts/50126_ServerScriptService_AdminTreadmillService.luau	6324	f1449a4aa89dd78123ffe9754e695e269bb933557e5de2ab28bd48628ff96617
stealanegg_audit/scripts/50127_ServerScriptService_BatService.luau	4925	74ceb8b5c05c8c8bdb8e245ec43a58894fb9998ab4ae2613ab76563300b8755b
stealanegg_audit/scripts/50128_ServerScriptService_TreadmillToolGuard.luau	981	dfbd0bad81a65ef07165a32b26426f84169199b9f98170d5866a274633ab624b
stealanegg_audit/scripts/50129_ServerScriptService_CaptureEggService.luau	13668	563293095f40967405d26199e30a47b963ef49a19f7d3c8cfb1ddc9d31084987
stealanegg_audit/scripts/50130_ServerScriptService_AnimalEggs.luau	1787	898e4c4033ef10230418582de493e4d10f8079f06056e274e364d9f6d9e8a5b1
stealanegg_audit/scripts/50582_ServerStorage_Ragdoll.luau	3530	6ebad2e2eedf2870f0c78bd1fdd394bbbaa88a452ad2f1ca015ddb21e67829d1
stealanegg_audit/scripts/51852_ServerStorage_ZoneTools.luau	4769	d076b709ff6f1a1104b88f261c6bb364a67f3dbbe2d338956b2aaabb5505cc6d
stealanegg_audit/scripts/51853_ServerStorage_ZoneLoader.luau	13057	504e96bb50be8e9e9cf94c35145f57e9dc677f72f6d24a82227338799ea250ff
stealanegg_audit/scripts.json	18225	27c715a3fc726bd09b4a472720e916724b74f487ecc233445f40723c30db0238
stealanegg_audit/special.json	891	b8618c74a30e8ddbcaf8b05afa37bef2e912464d01011d7882261d44e7819607
stealanegg_complete_audit/class_counts.json	2439	d116badbd2cdd0c87ce4a766a65dea193a9fd89c302f1f3de9040c539950c670
stealanegg_complete_audit/propmeta.json	241502	404ad6e6b7664b810f0e2661c09804fdfca03dafcae0f5f88c70b46f43afb322
stealanegg_complete_audit/scripts/49978_ReplicatedFirst_Preloader.luau	3421	52006dcecd5932b0927c6e9ef04b695b46992ce4984ed7a96a0e0065f199e104
stealanegg_complete_audit/scripts/49995_StarterPlayer_StarterPlayerScripts_Controllers_HudController.luau	23588	cbe14d0394209ef07a7cf3b1df7934b1804a082e001426cdd008128dbe8a13ab
stealanegg_complete_audit/scripts/49996_StarterPlayer_StarterPlayerScripts_Controllers_PanelsController.luau	13250	c92f8705ed4a2a4813aa9adb2a2eb8d6847cfcba8720b3e077533b93b2425a0a
stealanegg_complete_audit/scripts/49997_StarterPlayer_StarterPlayerScripts_Controllers_SettingsController.luau	7736	c036ce8a59d5aa335e5d13aa788fc08fb2283994c629ff4b7bd7fa911639d184
stealanegg_complete_audit/scripts/49998_StarterPlayer_StarterPlayerScripts_Controllers_AdminController.luau	42249	61b566ffc211ed696731dce47c7a376ef86bceae950f251d36d8beb48b302b97
stealanegg_complete_audit/scripts/49999_StarterPlayer_StarterPlayerScripts_Controllers_GamepadController.luau	5060	be7299ac7445555f365c26f7e260f49fae10d1edc9a8aceb8b599b48eb8f6b69
stealanegg_complete_audit/scripts/50000_StarterPlayer_StarterPlayerScripts_DecorCulling.luau	1537	2358bbb132b14b9ea106fb529a02d95311d46d4036982a548a3dce807db427f4
stealanegg_complete_audit/scripts/50001_StarterPlayer_StarterPlayerScripts_CosmicSpin.luau	3366	42582f6607cbdcbc05e3ac96637e093049b75aef2afb8f0c912fd16ea54c9add
stealanegg_complete_audit/scripts/50002_StarterPlayer_StarterPlayerScripts_PetalFall.luau	3052	17dd7c2bbb8c75e2a44bdd25ce03357aa14d17030886c996852e87f1800aedf9
stealanegg_complete_audit/scripts/50003_StarterPlayer_StarterPlayerScripts_EggClient.luau	55983	fb640ca8399b4201b75b07058550504d6726cf4b92299192bcdd9ed93da80a14
stealanegg_complete_audit/scripts/50004_StarterPlayer_StarterPlayerScripts_EggChrome.luau	33264	cc1a3d39fc5b8b9fed9faab2e74669240f30c33ebbc5a22e0caa73e56e6ef91e
stealanegg_complete_audit/scripts/50005_StarterPlayer_StarterPlayerScripts_PlotClient.luau	12010	cd58d07b9c1b69953b1d5318c999b8c326897d34d094bfffd4c9473e26075abd
stealanegg_complete_audit/scripts/50006_StarterPlayer_StarterPlayerScripts_NestClient.luau	22287	d28120c74eeb69ebe952cd97dba232d5f3f5bfd23a79242cc09e013ce0d3a9ff
stealanegg_complete_audit/scripts/50007_StarterPlayer_StarterPlayerScripts_RewardChestClient.luau	3513	b39d7cac4bfb3952e28d2967b2b1d696222669222cef37d97ef15d76d7677cda
stealanegg_complete_audit/scripts/50008_StarterPlayer_StarterPlayerScripts_AnimalClient.luau	10315	96126b32774096e1539ddad0c0d184e0fc0a2675f59b91123f0eb2b3890d22a5
stealanegg_complete_audit/scripts/50009_StarterPlayer_StarterPlayerScripts_ShopClient.luau	24728	62cbdb8a6bca51cc2a20f0f3556443a33192447e19565774399c49f84312ae70
stealanegg_complete_audit/scripts/50010_StarterPlayer_StarterPlayerScripts_IndexClient.luau	27107	bbb1474f343c2ac0eb00a31d53399b4e3d2ae4ebfe75348f2f8025f16ee495cb
stealanegg_complete_audit/scripts/50011_StarterPlayer_StarterPlayerScripts_TrailShopClient.luau	15580	9a5d69d1624ad9cc0b061da54059e6f7c73b937d3edc1de49cc07a878f4ed52e
stealanegg_complete_audit/scripts/50012_StarterPlayer_StarterPlayerScripts_GrowingEggsClient.luau	12496	7d9be11d46fdbae1b4736d3d8e8e4471f5083fa30935f3b57010e91aa1b1925a
stealanegg_complete_audit/scripts/50013_StarterPlayer_StarterPlayerScripts_ActivePetsClient.luau	12918	f65060f43c66e040708caca889f223c588ad3f8f3fa5335b01627a3662e5a451
stealanegg_complete_audit/scripts/50014_StarterPlayer_StarterPlayerScripts_SignUpgradeClient.luau	8845	d4a9872a55a15347b7c95d68277b6179f44e5f28c11705eb87eff0f6ab9d780c
stealanegg_complete_audit/scripts/50015_StarterPlayer_StarterPlayerScripts_SellShopClient.luau	29309	d8a8310a5f97087da9b06688a1691a17d5c315a546a49b05df24a02aa55f70b8
stealanegg_complete_audit/scripts/50016_StarterPlayer_StarterPlayerScripts_DayNightClient.luau	10113	9023c9b5a33036537a0beb36a3e59d0e433e99311584a4e354d3051674e9a584
stealanegg_complete_audit/scripts/50017_StarterPlayer_StarterPlayerScripts_FuseMachineClient.luau	24827	ae1c88f818f42f4ec9ae542f4f7ee5714bb603b7c0a5010efda79ef8e1aee327
stealanegg_complete_audit/scripts/50018_StarterPlayer_StarterPlayerScripts_BossHitOfferClient.luau	8719	1b66d245899c90fcc37b06907d03da54fff4465036dcf8c658eabdc675fedce8
stealanegg_complete_audit/scripts/50019_StarterPlayer_StarterPlayerScripts_BossClient.luau	11146	5152637c371c53394fe2820becba14a57ca594589e9cad42064f4fa3c990a598
stealanegg_complete_audit/scripts/50020_StarterPlayer_StarterPlayerScripts_CarryPoseClient.luau	4880	c937f6376dda8800aac9e812fb4eef791e49d23499673f2a71bb0841e68a0243
stealanegg_complete_audit/scripts/50021_StarterPlayer_StarterPlayerScripts_AdminTreadmillClient.luau	1883	0b930d503a7ff3080eb1f72a45d5dbe8d0bc5868c4e9c3372c6f94a50954e827
stealanegg_complete_audit/scripts/50022_StarterPlayer_StarterPlayerScripts_HoloGradient.luau	2060	f737b55395c10e04f0d462325d3c5025911095016b073841ce9ea80fac57e93f
stealanegg_complete_audit/scripts/50023_StarterPlayer_StarterPlayerScripts_BatTextureClient.luau	4427	de6952d8a43a105f69521979c7234c8f9ca728ee6aedda28696b770860421ee8
stealanegg_complete_audit/scripts/50024_StarterPlayer_StarterPlayerScripts_AdminPortalClient.luau	1825	a536a564b03f0793b83cc1db5ffa6e847ebae77cc4bd3126ae77df1b165fda54
stealanegg_complete_audit/scripts/50025_StarterPlayer_StarterPlayerScripts_CaptureEggClient.luau	8497	d41e8bd6f322881b071d26ea95bca7e6b370ed0aa87704e014cf40422dd38771
stealanegg_complete_audit/scripts/50026_StarterPlayer_StarterPlayerScripts_WindowSkinClient.luau	36842	d97d575925fd20b4fdda08fba7969fe30c6f10a27627e8dabada51e7234b8388
stealanegg_complete_audit/scripts/50027_StarterPlayer_StarterPlayerScripts_RebirthClient.luau	6403	10bb6ae8d9c7757bcd413fca26e78a6d029422d71585f8adc6d61b937780dfa0
stealanegg_complete_audit/scripts/50076_ReplicatedStorage_Shared_Config.luau	640	a33cfeac078c6af2284872e65404e90550f88f396c3e2a2bd2af7992a49deada
stealanegg_complete_audit/scripts/50077_ReplicatedStorage_Shared_UIKit.luau	22180	913897f389799695ac8044fa9cd7e6e35595ef3b7d702b7b6e6c4e827baaa7a7
stealanegg_complete_audit/scripts/50078_ReplicatedStorage_Shared_Sfx.luau	1362	689abd06e21af83f6a9a499a723b6b8659a10cf35637fa60e518d9fe1fdfa9d8
stealanegg_complete_audit/scripts/50079_ReplicatedStorage_Shared_AssetQueue.luau	1597	695d9f32747bf5f3a7ba1125e6b81a2a237fabec0b5543af8ecc10936002e18e
stealanegg_complete_audit/scripts/50080_ReplicatedStorage_Shared_WindowSkin.luau	27342	62ca1951e40e04adc9b516e923aa2f69125b41fa65b0a0f784269376c9927328
stealanegg_complete_audit/scripts/50081_ReplicatedStorage_EggConfig.luau	11832	417cbb18d031f7147f7f11923ac2a7b62603ca2f1af33d47865be5a55cbd648b
stealanegg_complete_audit/scripts/50082_ReplicatedStorage_AnimalRig.luau	28611	d667aaa897deb01fb87bc96c93c3ef597eaa133fdc5ec83ea82dd44514c59b04
stealanegg_complete_audit/scripts/50083_ReplicatedStorage_AnimalPaint.luau	27607	e174d41d8f61e355feefb6f240c8df2d2c1ba4d9a0debb73cf5a20ac5065702f
stealanegg_complete_audit/scripts/50084_ReplicatedStorage_SpeedPassConfig.luau	809	a0bbc8adb1a8a3180fd90a86b05afe3af302b70a34e1e14f2371a9cf900d043e
stealanegg_complete_audit/scripts/50085_ReplicatedStorage_TrailConfig.luau	2426	957bf602edea96a636b247235c6f7e7ffb7329db31f105412061518b80a26ee0
stealanegg_complete_audit/scripts/50086_ReplicatedStorage_UpgradeConfig.luau	1218	cdf58a346a6d9038fc2a0659a27b22dfd4d5cf83fbd26a2d90e94eae8606f050
stealanegg_complete_audit/scripts/50087_ReplicatedStorage_SellConfig.luau	673	837687d240e3ece0af0dfa5d57529a477ad1fba49fe3a9130c32cdeb312fa67b
stealanegg_complete_audit/scripts/50088_ReplicatedStorage_DayNightConfig.luau	640	2da23648b2f696ec7eaad84d568de777660701e5c60e32fd1737b3b5cea13f1f
stealanegg_complete_audit/scripts/50089_ReplicatedStorage_FuseConfig.luau	1622	5b64f2ca9bbced27b23226ecf44a810f1326dffd52cf42b3c31a396dc94f1a19
stealanegg_complete_audit/scripts/50090_ReplicatedStorage_MonetizationConfig.luau	5651	168e7f45077c19634e021a515acc9fbbb2050ee4cfe80aaf5ae56d84c0ccfd37
stealanegg_complete_audit/scripts/50091_ReplicatedStorage_BossAnim.luau	1737	a012e65ef75b12c3dff8ca84acdbd91c73055abd0787af887ec71a13815ff979
stealanegg_complete_audit/scripts/50092_ReplicatedStorage_BatConfig.luau	2762	2cd6a1017f2d2d742671a009c0a89ff9d21f544cb47e5b8fb2b7408d618aa70d
stealanegg_complete_audit/scripts/50093_ReplicatedStorage_CaptureEggConfig.luau	295	f586bfa964f6faa1e9afb550afa967b9cedb247197e46fa9e3ac7986b2a8b4b4
stealanegg_complete_audit/scripts/50094_ReplicatedStorage_RebirthConfig.luau	1263	cd971a0882598a09be51c490d62e072f9a6af743f6e273adf7a78fa36d915dab
stealanegg_complete_audit/scripts/50095_ReplicatedStorage_AnimalRarity.luau	2955	94259c85aa46daa390b653e5a1ec488dfab8fd07eaa693017149898b1a74eb05
stealanegg_complete_audit/scripts/50099_ServerScriptService_Services_StatsService.luau	9038	59ed4c533719c37d4804d8a89199401fc552e870ae20e9300f72ea4c5214a861
stealanegg_complete_audit/scripts/50100_ServerScriptService_Services_NameplateService.luau	804	ae8be1e7e5ac1debd173d1ad4027d46679e3cb22052648fce4c39551e84adb47
stealanegg_complete_audit/scripts/50101_ServerScriptService_Services_SettingsService.luau	1504	131cf16e6ebdf6642c67a2861299b9627b646e4a8bfe3519514ae627bea5a027
stealanegg_complete_audit/scripts/50102_ServerScriptService_Services_AdminService.luau	17622	6af1ac2d5dddba299454e4fe3a21fe9a13f32d13facb0b73589a1f7e5abb44cd
stealanegg_complete_audit/scripts/50103_ServerScriptService_Services_FreeRewardService.luau	2768	232e1e26eb271fb2cf782637926826088eeaaedd77a3caac87c5bbf4c50c7e53
stealanegg_complete_audit/scripts/50104_ServerScriptService_Services_CharacterService.luau	1116	cacb1ce0e5c428349ecd551aa6fb6aad5dfb65490e6b06af3e8c8bcbca801630
stealanegg_complete_audit/scripts/50105_ServerScriptService_Services_GlobalBoostService.luau	6850	3824dafe49ab84927e33447b466bab1ca01a0c871a8ea2de1423c3b47174e561
stealanegg_complete_audit/scripts/50106_ServerScriptService_Services_PurchaseService.luau	2924	44ba500a06d4fbde5b854dfcbe5316003b3f142ee5fa124f42c309b0132a59de
stealanegg_complete_audit/scripts/50107_ServerScriptService_Services_LeaderboardService.luau	5521	d3c3db3465cde5b0e58e4b54b34b8fb58d744bb498a23976cfaefef0691a31a1
stealanegg_complete_audit/scripts/50108_ServerScriptService_Services_ShopService.luau	9780	da38db2f014b0f0b690cb6cd0a9ebcb49ca1727ae9dc0d987ec275fa69bd9b6d
stealanegg_complete_audit/scripts/50109_ServerScriptService_Services_SpeedShopService.luau	5130	67115a24a04959b44454d7862ea5182416f6f92261974612ca004187ee5211da
stealanegg_complete_audit/scripts/50110_ServerScriptService_Services_RebirthService.luau	2494	301206329f0f3aaf7520d3df4b527834b4f87df9e5b78deaa36111be81c6c2eb
stealanegg_complete_audit/scripts/50111_ServerScriptService_AssetManifest.luau	3657	7505547a69a8f5a65eae6493fbfa96bf95d6113ed6ca1a40f4b199c7ef554277
stealanegg_complete_audit/scripts/50112_ServerScriptService_EggBossService.luau	75565	40387b74670342c458f90b7f0ddd74bbc2427df92f5765e870174cfb0e236f52
stealanegg_complete_audit/scripts/50113_ServerScriptService_PlotService.luau	12298	ec51e13b0742551204283618307b8ffaa3226990015a77775d0b6afa80d951b9
stealanegg_complete_audit/scripts/50114_ServerScriptService_NestService.luau	45152	6df9ac2723c0c2a3db192b675463970a05c16e6aca79092e2258b4ad8a198258
stealanegg_complete_audit/scripts/50115_ServerScriptService_LevelService.luau	8396	dbbdde81da600cd7e6143ed47f1e2dddf8fcfcee87381bbf45097a0de4b7a32c
stealanegg_complete_audit/scripts/50116_ServerScriptService_MapBounds.luau	1664	e4bd4ffcf9860d71271a352a520eea73d70e032d5f17e3e34877c2f1cb96c309
stealanegg_complete_audit/scripts/50117_ServerScriptService_ZoneStreaming.luau	3100	3460310e98e85d4708a7ee1f1a5d0e4d82ada5134a0cbb0415493221db3b6215
stealanegg_complete_audit/scripts/50118_ServerScriptService_PetIndexService.luau	9509	9097069af17628935ced31779ac571a58c38d6f1cc3d7def1b7eea4d7aabf3f2
stealanegg_complete_audit/scripts/50119_ServerScriptService_BoostStarter.luau	493	30ac7fdcd300277031a57a75135b79f63cdc844dc0c0ef5f03ccebc5d3436e5c
stealanegg_complete_audit/scripts/50120_ServerScriptService_TrailService.luau	6512	7a48d3af44e5af853312389b186798bb4fa756650a9b2d84ff22ad7871037fba
stealanegg_complete_audit/scripts/50121_ServerScriptService_PlotUpgradeService.luau	5068	bce06291f84e900a074dc0fa881c9069a90fc2a71e17ce1b49f002afee5590d9
stealanegg_complete_audit/scripts/50122_ServerScriptService_SellService.luau	3482	0fddcd67059e52ce2d1a3f6395be5cbe695f76933efce99276bc1abdafbd21da
stealanegg_complete_audit/scripts/50123_ServerScriptService_DayNightService.luau	10170	1bfb1774297a4d9adf461d3bbd192e537f0174f9a7d8234d04e5c2b3d5a796e4
stealanegg_complete_audit/scripts/50124_ServerScriptService_PlayerListStats.luau	1751	65f553c0a03d393b947747f48ac9d27602bfee158e9fef9256309e3223942e09
stealanegg_complete_audit/scripts/50125_ServerScriptService_FuseService.luau	3508	5a528b283fcdd11e1a3349b4e948ed1ad5746b7e1004d72906c2be3c2d91b352
stealanegg_complete_audit/scripts/50126_ServerScriptService_AdminTreadmillService.luau	6324	f1449a4aa89dd78123ffe9754e695e269bb933557e5de2ab28bd48628ff96617
stealanegg_complete_audit/scripts/50127_ServerScriptService_BatService.luau	4925	74ceb8b5c05c8c8bdb8e245ec43a58894fb9998ab4ae2613ab76563300b8755b
stealanegg_complete_audit/scripts/50128_ServerScriptService_TreadmillToolGuard.luau	981	dfbd0bad81a65ef07165a32b26426f84169199b9f98170d5866a274633ab624b
stealanegg_complete_audit/scripts/50129_ServerScriptService_CaptureEggService.luau	13668	563293095f40967405d26199e30a47b963ef49a19f7d3c8cfb1ddc9d31084987
stealanegg_complete_audit/scripts/50130_ServerScriptService_AnimalEggs.luau	1787	898e4c4033ef10230418582de493e4d10f8079f06056e274e364d9f6d9e8a5b1
stealanegg_complete_audit/scripts/50582_ServerStorage_Ragdoll.luau	3530	6ebad2e2eedf2870f0c78bd1fdd394bbbaa88a452ad2f1ca015ddb21e67829d1
stealanegg_complete_audit/scripts/51852_ServerStorage_ZoneTools.luau	4769	d076b709ff6f1a1104b88f261c6bb364a67f3dbbe2d338956b2aaabb5505cc6d
stealanegg_complete_audit/scripts/51853_ServerStorage_ZoneLoader.luau	13057	504e96bb50be8e9e9cf94c35145f57e9dc677f72f6d24a82227338799ea250ff
stealanegg_complete_audit/scripts.json	18228	79fb1b49f4d12c12cd2fa7a9425e29310ca989f51de45b71f6ebebda975424f9
stealanegg_complete_audit/special.json	891	b8618c74a30e8ddbcaf8b05afa37bef2e912464d01011d7882261d44e7819607
batch_00.json	85953	e2331bdb31763586e8ccc9f5e4954f188eeb4a50d7cbff7cd75c746036cdf7bf
batch_01.json	70303	655d2982c627ceb67c63e94dbb32cbc270528312aad12e2fc7f2d22b808c9051
batch_02.json	128159	010c7090969e72be1f68e1653408664b59c9ae3673715b2901d74bf11d7a7fc0
batch_03.json	112669	4b2f2c17c3820aefe3da30e54bf953210399d929414a87cd9688dbbd9eea4ea2
batch_04.json	51542	7b845b40a4cfaf881410299f8574942034b4f1e558683a9572af0c7f762740f9
batch_05.json	64058	aaa5ddb8c6709536b7f04c4db14acf3929fa9f7707cfd23eab8a2f08bfd112ec
batch_06.json	140841	800ee4c643b8125e955995ef9b92e5162d7f610529d18b049c734f4236ec14e8
batch_07.json	201487	5b0ccb74ac82b3250da9db071c5e8952cf327e9397d3f2e42c52816a09637dd9
batch_08.json	109697	bfd732f38ed2ff07295242ed5a96e34626a24e9c1c0aeead4402a50d02e3e6ab
srcchunk_00.json	35883	6d2f0946bdd0e35d365f6be62eadf105fecddd5372b44b7c1c049cfa48e2b547
srcchunk_01.json	35692	9e3c23d25f61eed5ece78bee28d09cbc2930b5395d9b0a2958714b7e55d3c3bc
srcchunk_02.json	26334	dc4e6cc62e627052beb98daf839fdbd73f51b8d6c0c31744657171bfd7992971
srcchunk_03.json	23928	05489f8fe2b648a349f37ee183ecf49609b8397ee5526196fd2a4fce237a982c
srcchunk_04.json	48281	0c96737a85b21b8c3f801f6935f89ccaf3e8e1e410859c8a339ed2bee403cf21
srcchunk_05.json	31268	ed9bcf4ef3c91941bbd7d50af8715d0e71ab3a51b4cc9efa14871ca4143541cd
srcchunk_06.json	78547	ad788c8a198066d69ad18c742ff436e60cd98a30c312ae418e0f8b005a8868b9
srcchunk_07.json	14396	60062f32f0305b1aa0de79af263583a56a123dcb4a1d6f495dcdcdadce0cb6e9
srcchunk_08.json	47196	f010b65687338f614a1c82ae7aff1ba4d1aa90a9b89d5830073d9a836fce05d5
srcchunk_09.json	34361	3231b52b94e836459b65c20dcc5cc826022b381585b0971ab7d61e31fa024a18
srcchunk_10.json	44146	6408ab7570522d1ba9c33e33972a8ceb7758ad66da1c39972909a2347e5a8bda
srcchunk_11.json	42785	0975710a85e96a1b294e6198fddaecf0fd6495a6b8b804c1111fef1090579a07
srcchunk_12.json	37760	dddbfbd14fcae208d1507b47d0b9f693373ed8aedc75a00ac83463d87446b987
srcchunk_13.json	46214	c906258d7f427c6ce67bd687ca01ecdd6f823e0616a2f1edb48f61f0f0ed9a5b
srcchunk_14.json	5353	af44502f28907cf526799a25b3da1cacb7e662379ce8dbdf5593757b6abc96e6
srcchunk_15.json	45646	de828025893fa1300fdbf14ed75c9f0d3be269398cb77f20d6ad122104b6cf12
srcchunk_16.json	45684	90ee3d54ac1935dd3b7ef320fe17d6a07e4b9d6883211dfb49be1a95f959c40f
srcchunk_17.json	24720	7f8022bcba664ac50a0aae7eb3590aaceb646f87e38560ea85122cfe1eafe6cf
srcchunk_18.json	34773	a4809d837bbb30ff933f19c72181aa5d5e8646fda2b648715e8455d07cb1cb5e
srcchunk_19.json	58287	295e5b8e4c845708712e9bc2f76ca2b1791086791fa1d6b6b6aa69af1380d9f0
srcchunk_20.json	41421	4c06ac6e67795d05d8ad2fd2143345ca4709bf670a8966a4f61785bbcd47ec42
srcchunk_21.json	28250	78a92f0d3c198a7bf017453394e40fe197782a7dafa442ab66b19045d243081f
srcchunk_22.json	46210	5964b985915687c439772c6c6bd2e75b766ffa5defa284bf676bf5cb672cfae5
srcchunk_23.json	34349	e8d154374755d4a0469f20b39b5b98071356006ab115a77d45a4ecf3670f2dd3
srcchunk_24.json	35137	a8b87d781d454e292819eb17fb112739397af0f55c1f7f87f18e49df617c4237
srcchunk_25.json	16330	e87b33ebb5f4721dd50ad0b8bf24b653be1bb91b985a5d99a1c8f37da4b1e2f8
srcchunk_26.json	40224	32750460018fc44ef5815f0f3bb09c4f93d6bce0dab9adcde468af46484f5269