src/ReplicatedFirst/Preloader.client.luau	3421	49978
src/ReplicatedStorage/AnimalPaint.luau	27607	50083
src/ReplicatedStorage/AnimalRarity.luau	2955	50095
src/ReplicatedStorage/AnimalRig.luau	28611	50082
src/ReplicatedStorage/BatConfig.luau	2762	50092
src/ReplicatedStorage/BossAnim.luau	1737	50091
src/ReplicatedStorage/CaptureEggConfig.luau	295	50093
src/ReplicatedStorage/DayNightConfig.luau	640	50088
src/ReplicatedStorage/EggConfig.luau	11832	50081
src/ReplicatedStorage/FuseConfig.luau	1622	50089
src/ReplicatedStorage/MonetizationConfig.luau	5651	50090
src/ReplicatedStorage/RebirthConfig.luau	1263	50094
src/ReplicatedStorage/SellConfig.luau	673	50087
src/ReplicatedStorage/Shared/AssetQueue.luau	1597	50079
src/ReplicatedStorage/Shared/Config.luau	640	50076
src/ReplicatedStorage/Shared/Sfx.luau	1362	50078
src/ReplicatedStorage/Shared/UIKit.luau	22180	50077
src/ReplicatedStorage/Shared/WindowSkin.luau	27342	50080
src/ReplicatedStorage/SpeedPassConfig.luau	809	50084
src/ReplicatedStorage/TrailConfig.luau	2426	50085
src/ReplicatedStorage/UpgradeConfig.luau	1218	50086
src/ServerScriptService/AdminTreadmillService.server.luau	6324	50126
src/ServerScriptService/AnimalEggs.luau	1787	50130
src/ServerScriptService/AssetManifest.server.luau	3657	50111
src/ServerScriptService/BatService.luau	4925	50127
src/ServerScriptService/BoostStarter.server.luau	493	50119
src/ServerScriptService/CaptureEggService.server.luau	13668	50129
src/ServerScriptService/DayNightService.server.luau	10170	50123
src/ServerScriptService/EggBossService.server.luau	75565	50112
src/ServerScriptService/FuseService.server.luau	3508	50125
src/ServerScriptService/LevelService.server.luau	8396	50115
src/ServerScriptService/MapBounds.server.luau	1664	50116
src/ServerScriptService/NestService.server.luau	45152	50114
src/ServerScriptService/PetIndexService.server.luau	9509	50118
src/ServerScriptService/PlayerListStats.server.luau	1751	50124
src/ServerScriptService/PlotService.server.luau	12298	50113
src/ServerScriptService/PlotUpgradeService.server.luau	5068	50121
src/ServerScriptService/SellService.server.luau	3482	50122
src/ServerScriptService/Services/AdminService.server.luau	17622	50102
src/ServerScriptService/Services/CharacterService.server.luau	1116	50104
src/ServerScriptService/Services/FreeRewardService.server.luau	2768	50103
src/ServerScriptService/Services/GlobalBoostService.luau	6850	50105
src/ServerScriptService/Services/LeaderboardService.server.luau	5521	50107
src/ServerScriptService/Services/NameplateService.server.luau	804	50100
src/ServerScriptService/Services/PurchaseService.server.luau	2924	50106
src/ServerScriptService/Services/RebirthService.server.luau	2494	50110
src/ServerScriptService/Services/SettingsService.server.luau	1504	50101
src/ServerScriptService/Services/ShopService.server.luau	9780	50108
src/ServerScriptService/Services/SpeedShopService.server.luau	5130	50109
src/ServerScriptService/Services/StatsService.server.luau	9038	50099
src/ServerScriptService/TrailService.server.luau	6512	50120
src/ServerScriptService/TreadmillToolGuard.server.luau	981	50128
src/ServerScriptService/ZoneStreaming.server.luau	3100	50117
src/ServerStorage/Ragdoll.luau	3530	50582
src/ServerStorage/ZoneLoader.luau	13057	51853
src/ServerStorage/ZoneTools.luau	4769	51852
src/StarterPlayer/StarterPlayerScripts/ActivePetsClient.client.luau	12918	50013
src/StarterPlayer/StarterPlayerScripts/AdminPortalClient.client.luau	1825	50024
src/StarterPlayer/StarterPlayerScripts/AdminTreadmillClient.client.luau	1883	50021
src/StarterPlayer/StarterPlayerScripts/AnimalClient.client.luau	10315	50008
src/StarterPlayer/StarterPlayerScripts/BatTextureClient.client.luau	4427	50023
src/StarterPlayer/StarterPlayerScripts/BossClient.client.luau	11146	50019
src/StarterPlayer/StarterPlayerScripts/BossHitOfferClient.client.luau	8719	50018
src/StarterPlayer/StarterPlayerScripts/CaptureEggClient.client.luau	8497	50025
src/StarterPlayer/StarterPlayerScripts/CarryPoseClient.client.luau	4880	50020
src/StarterPlayer/StarterPlayerScripts/Controllers/AdminController.client.luau	42249	49998
src/StarterPlayer/StarterPlayerScripts/Controllers/GamepadController.client.luau	5060	49999
src/StarterPlayer/StarterPlayerScripts/Controllers/HudController.client.luau	23588	49995
src/StarterPlayer/StarterPlayerScripts/Controllers/PanelsController.client.luau	13250	49996
src/StarterPlayer/StarterPlayerScripts/Controllers/SettingsController.client.luau	7736	49997
src/StarterPlayer/StarterPlayerScripts/CosmicSpin.client.luau	3366	50001
src/StarterPlayer/StarterPlayerScripts/DayNightClient.client.luau	10113	50016
src/StarterPlayer/StarterPlayerScripts/DecorCulling.client.luau	1537	50000
src/StarterPlayer/StarterPlayerScripts/EggChrome.client.luau	33264	50004
src/StarterPlayer/StarterPlayerScripts/EggClient.client.luau	55983	50003
src/StarterPlayer/StarterPlayerScripts/FuseMachineClient.client.luau	24827	50017
src/StarterPlayer/StarterPlayerScripts/GrowingEggsClient.client.luau	12496	50012
src/StarterPlayer/StarterPlayerScripts/HoloGradient.client.luau	2060	50022
src/StarterPlayer/StarterPlayerScripts/IndexClient.client.luau	27107	50010
src/StarterPlayer/StarterPlayerScripts/NestClient.client.luau	22287	50006
src/StarterPlayer/StarterPlayerScripts/PetalFall.client.luau	3052	50002
src/StarterPlayer/StarterPlayerScripts/PlotClient.client.luau	12010	50005
src/StarterPlayer/StarterPlayerScripts/RebirthClient.client.luau	6403	50027
src/StarterPlayer/StarterPlayerScripts/RewardChestClient.client.luau	3513	50007
src/StarterPlayer/StarterPlayerScripts/SellShopClient.client.luau	29309	50015
src/StarterPlayer/StarterPlayerScripts/ShopClient.client.luau	24728	50009
src/StarterPlayer/StarterPlayerScripts/SignUpgradeClient.client.luau	8845	50014
src/StarterPlayer/StarterPlayerScripts/TrailShopClient.client.luau	15580	50011
src/StarterPlayer/StarterPlayerScripts/WindowSkinClient.client.luau	36842	50026