src/ReplicatedFirst/Preloader.client.luau	3421	49978	LocalScript
src/ReplicatedStorage/AnimalPaint.luau	27607	50083	ModuleScript
src/ReplicatedStorage/AnimalRarity.luau	2955	50095	ModuleScript
src/ReplicatedStorage/AnimalRig.luau	28611	50082	ModuleScript
src/ReplicatedStorage/BatConfig.luau	2762	50092	ModuleScript
src/ReplicatedStorage/BossAnim.luau	1737	50091	ModuleScript
src/ReplicatedStorage/CaptureEggConfig.luau	295	50093	ModuleScript
src/ReplicatedStorage/DayNightConfig.luau	640	50088	ModuleScript
src/ReplicatedStorage/EggConfig.luau	11832	50081	ModuleScript
src/ReplicatedStorage/FuseConfig.luau	1622	50089	ModuleScript
src/ReplicatedStorage/MonetizationConfig.luau	5651	50090	ModuleScript
src/ReplicatedStorage/RebirthConfig.luau	1263	50094	ModuleScript
src/ReplicatedStorage/SellConfig.luau	673	50087	ModuleScript
src/ReplicatedStorage/Shared/AssetQueue.luau	1597	50079	ModuleScript
src/ReplicatedStorage/Shared/Config.luau	640	50076	ModuleScript
src/ReplicatedStorage/Shared/Sfx.luau	1362	50078	ModuleScript
src/ReplicatedStorage/Shared/UIKit.luau	22180	50077	ModuleScript
src/ReplicatedStorage/Shared/WindowSkin.luau	27342	50080	ModuleScript
src/ReplicatedStorage/SpeedPassConfig.luau	809	50084	ModuleScript
src/ReplicatedStorage/TrailConfig.luau	2426	50085	ModuleScript
src/ReplicatedStorage/UpgradeConfig.luau	1218	50086	ModuleScript
src/ServerScriptService/AdminTreadmillService.server.luau	6322	50126	Script
src/ServerScriptService/AnimalEggs.luau	1787	50130	ModuleScript
src/ServerScriptService/AssetManifest.server.luau	3657	50111	Script
src/ServerScriptService/BatService.luau	4925	50127	ModuleScript
src/ServerScriptService/BoostStarter.server.luau	493	50119	Script
src/ServerScriptService/CaptureEggService.server.luau	13668	50129	Script
src/ServerScriptService/DayNightService.server.luau	10170	50123	Script
src/ServerScriptService/EggBossService.server.luau	75565	50112	Script
src/ServerScriptService/FuseService.server.luau	3508	50125	Script
src/ServerScriptService/LevelService.server.luau	8396	50115	Script
src/ServerScriptService/MapBounds.server.luau	1664	50116	Script
src/ServerScriptService/NestService.server.luau	45152	50114	Script
src/ServerScriptService/PetIndexService.server.luau	9509	50118	Script
src/ServerScriptService/PlayerListStats.server.luau	1751	50124	Script
src/ServerScriptService/PlotService.server.luau	12298	50113	Script
src/ServerScriptService/PlotUpgradeService.server.luau	5068	50121	Script
src/ServerScriptService/SellService.server.luau	3482	50122	Script
src/ServerScriptService/Services/AdminService.server.luau	17622	50102	Script
src/ServerScriptService/Services/CharacterService.server.luau	1116	50104	Script
src/ServerScriptService/Services/FreeRewardService.server.luau	2768	50103	Script
src/ServerScriptService/Services/GlobalBoostService.luau	6850	50105	ModuleScript
src/ServerScriptService/Services/LeaderboardService.server.luau	5521	50107	Script
src/ServerScriptService/Services/NameplateService.server.luau	804	50100	Script
src/ServerScriptService/Services/PurchaseService.server.luau	2924	50106	Script
src/ServerScriptService/Services/RebirthService.server.luau	2494	50110	Script
src/ServerScriptService/Services/SettingsService.server.luau	1504	50101	Script
src/ServerScriptService/Services/ShopService.server.luau	9780	50108	Script
src/ServerScriptService/Services/SpeedShopService.server.luau	5130	50109	Script
src/ServerScriptService/Services/StatsService.server.luau	9038	50099	Script
src/ServerScriptService/TrailService.server.luau	6512	50120	Script
src/ServerScriptService/TreadmillToolGuard.server.luau	981	50128	Script
src/ServerScriptService/ZoneStreaming.server.luau	3100	50117	Script
src/ServerStorage/Ragdoll.luau	3530	50582	ModuleScript
src/ServerStorage/ZoneLoader.luau	13057	51853	ModuleScript
src/ServerStorage/ZoneTools.luau	4769	51852	ModuleScript
src/StarterPlayer/StarterPlayerScripts/ActivePetsClient.client.luau	12918	50013	LocalScript
src/StarterPlayer/StarterPlayerScripts/AdminPortalClient.client.luau	1825	50024	LocalScript
src/StarterPlayer/StarterPlayerScripts/AdminTreadmillClient.client.luau	1883	50021	LocalScript
src/StarterPlayer/StarterPlayerScripts/AnimalClient.client.luau	10315	50008	LocalScript
src/StarterPlayer/StarterPlayerScripts/BatTextureClient.client.luau	4427	50023	LocalScript
src/StarterPlayer/StarterPlayerScripts/BossClient.client.luau	11146	50019	LocalScript
src/StarterPlayer/StarterPlayerScripts/BossHitOfferClient.client.luau	8719	50018	LocalScript
src/StarterPlayer/StarterPlayerScripts/CaptureEggClient.client.luau	8497	50025	LocalScript
src/StarterPlayer/StarterPlayerScripts/CarryPoseClient.client.luau	4880	50020	LocalScript
src/StarterPlayer/StarterPlayerScripts/Controllers/AdminController.client.luau	42249	49998	LocalScript
src/StarterPlayer/StarterPlayerScripts/Controllers/GamepadController.client.luau	5060	49999	LocalScript
src/StarterPlayer/StarterPlayerScripts/Controllers/HudController.client.luau	23588	49995	LocalScript
src/StarterPlayer/StarterPlayerScripts/Controllers/PanelsController.client.luau	13250	49996	LocalScript
src/StarterPlayer/StarterPlayerScripts/Controllers/SettingsController.client.luau	7736	49997	LocalScript
src/StarterPlayer/StarterPlayerScripts/CosmicSpin.client.luau	3366	50001	LocalScript
src/StarterPlayer/StarterPlayerScripts/DayNightClient.client.luau	10105	50016	LocalScript
src/StarterPlayer/StarterPlayerScripts/DecorCulling.client.luau	1537	50000	LocalScript
src/StarterPlayer/StarterPlayerScripts/EggChrome.client.luau	33264	50004	LocalScript
src/StarterPlayer/StarterPlayerScripts/EggClient.client.luau	55983	50003	LocalScript
src/StarterPlayer/StarterPlayerScripts/FuseMachineClient.client.luau	24827	50017	LocalScript
src/StarterPlayer/StarterPlayerScripts/GrowingEggsClient.client.luau	12496	50012	LocalScript
src/StarterPlayer/StarterPlayerScripts/HoloGradient.client.luau	2060	50022	LocalScript
src/StarterPlayer/StarterPlayerScripts/IndexClient.client.luau	27107	50010	LocalScript
src/StarterPlayer/StarterPlayerScripts/NestClient.client.luau	22287	50006	LocalScript
src/StarterPlayer/StarterPlayerScripts/PetalFall.client.luau	3052	50002	LocalScript
src/StarterPlayer/StarterPlayerScripts/PlotClient.client.luau	12010	50005	LocalScript
src/StarterPlayer/StarterPlayerScripts/RebirthClient.client.luau	6403	50027	LocalScript
src/StarterPlayer/StarterPlayerScripts/RewardChestClient.client.luau	3513	50007	LocalScript
src/StarterPlayer/StarterPlayerScripts/SellShopClient.client.luau	29309	50015	LocalScript
src/StarterPlayer/StarterPlayerScripts/ShopClient.client.luau	24728	50009	LocalScript
src/StarterPlayer/StarterPlayerScripts/SignUpgradeClient.client.luau	8845	50014	LocalScript
src/StarterPlayer/StarterPlayerScripts/TrailShopClient.client.luau	15580	50011	LocalScript
src/StarterPlayer/StarterPlayerScripts/WindowSkinClient.client.luau	36412	50026	LocalScript